ID,generated
TEST_0000,0.4431423246860504
TEST_0001,0.822312593460083
TEST_0002,0.058701276779174805
TEST_0003,0.9279056787490845
TEST_0004,0.6388209462165833
TEST_0005,0.982822835445404
TEST_0006,0.9684651494026184
TEST_0007,0.6763047575950623
TEST_0008,0.915860116481781
TEST_0009,0.16849176585674286
TEST_0010,0.21611221134662628
TEST_0011,0.11808618158102036
TEST_0012,0.5266566276550293
TEST_0013,0.24401843547821045
TEST_0014,0.06098237633705139
TEST_0015,0.4489412009716034
TEST_0016,0.11702423542737961
TEST_0017,0.8245158791542053
TEST_0018,0.913543701171875
TEST_0019,0.5975186824798584
TEST_0020,0.09678196907043457
TEST_0021,0.2298569679260254
TEST_0022,0.19341209530830383
TEST_0023,0.8832924365997314
TEST_0024,0.5382716655731201
TEST_0025,0.15826885402202606
TEST_0026,0.969205379486084
TEST_0027,0.9792045950889587
TEST_0028,0.07425928115844727
TEST_0029,0.5028237104415894
TEST_0030,0.11758550256490707
TEST_0031,0.9774346351623535
TEST_0032,0.8838144540786743
TEST_0033,0.3148542046546936
TEST_0034,0.18951089680194855
TEST_0035,0.8513920903205872
TEST_0036,0.13673155009746552
TEST_0037,0.11058837920427322
TEST_0038,0.9834837317466736
TEST_0039,0.9740973711013794
TEST_0040,0.3875002861022949
TEST_0041,0.9126550555229187
TEST_0042,0.9586274027824402
TEST_0043,0.9836735725402832
TEST_0044,0.4929782748222351
TEST_0045,0.021916506811976433
TEST_0046,0.9689053297042847
TEST_0047,0.9365977644920349
TEST_0048,0.946395218372345
TEST_0049,0.9440176486968994
TEST_0050,0.4451499283313751
TEST_0051,0.975969135761261
TEST_0052,0.4268455505371094
TEST_0053,0.9739863872528076
TEST_0054,0.4455791115760803
TEST_0055,0.3129851222038269
TEST_0056,0.9832672476768494
TEST_0057,0.9834004044532776
TEST_0058,0.4960031807422638
TEST_0059,0.12581758201122284
TEST_0060,0.2867908179759979
TEST_0061,0.3579276204109192
TEST_0062,0.9121952056884766
TEST_0063,0.09475348889827728
TEST_0064,0.08847811818122864
TEST_0065,0.8607586622238159
TEST_0066,0.49949100613594055
TEST_0067,0.14827032387256622
TEST_0068,0.33453822135925293
TEST_0069,0.535055935382843
TEST_0070,0.2508337199687958
TEST_0071,0.9647603034973145
TEST_0072,0.044316913932561874
TEST_0073,0.941426157951355
TEST_0074,0.08189281076192856
TEST_0075,0.5954446196556091
TEST_0076,0.9400430917739868
TEST_0077,0.2479919046163559
TEST_0078,0.25154000520706177
TEST_0079,0.8167628645896912
TEST_0080,0.08685045689344406
TEST_0081,0.30149227380752563
TEST_0082,0.9733889102935791
TEST_0083,0.0677265152335167
TEST_0084,0.10207098722457886
TEST_0085,0.29187238216400146
TEST_0086,0.07562185078859329
TEST_0087,0.7649483680725098
TEST_0088,0.9056695103645325
TEST_0089,0.9096144437789917
TEST_0090,0.9750397205352783
TEST_0091,0.12480813264846802
TEST_0092,0.11897341161966324
TEST_0093,0.10039681196212769
TEST_0094,0.4358154833316803
TEST_0095,0.0621141754090786
TEST_0096,0.7819461226463318
TEST_0097,0.021123934537172318
TEST_0098,0.09299313277006149
TEST_0099,0.9443796277046204
TEST_0100,0.9802173376083374
TEST_0101,0.09856671094894409
TEST_0102,0.1463550478219986
TEST_0103,0.05575643852353096
TEST_0104,0.7552622556686401
TEST_0105,0.6383525133132935
TEST_0106,0.23796546459197998
TEST_0107,0.8574985265731812
TEST_0108,0.5239312052726746
TEST_0109,0.5366568565368652
TEST_0110,0.1842428296804428
TEST_0111,0.028668250888586044
TEST_0112,0.07230748981237411
TEST_0113,0.869059681892395
TEST_0114,0.8788400888442993
TEST_0115,0.5835763812065125
TEST_0116,0.9764899015426636
TEST_0117,0.2919045090675354
TEST_0118,0.4090237021446228
TEST_0119,0.2318921834230423
TEST_0120,0.7081243395805359
TEST_0121,0.08753456920385361
TEST_0122,0.8943445086479187
TEST_0123,0.5248839259147644
TEST_0124,0.029759639874100685
TEST_0125,0.973466157913208
TEST_0126,0.12248795479536057
TEST_0127,0.16009780764579773
TEST_0128,0.024067671969532967
TEST_0129,0.9541386961936951
TEST_0130,0.14830780029296875
TEST_0131,0.9104108810424805
TEST_0132,0.11856083571910858
TEST_0133,0.4200659990310669
TEST_0134,0.7329042553901672
TEST_0135,0.6617472171783447
TEST_0136,0.19071094691753387
TEST_0137,0.07987184077501297
TEST_0138,0.8044700026512146
TEST_0139,0.183885395526886
TEST_0140,0.07425160706043243
TEST_0141,0.11471868306398392
TEST_0142,0.42654430866241455
TEST_0143,0.09180055558681488
TEST_0144,0.3340982496738434
TEST_0145,0.5360762476921082
TEST_0146,0.8966385722160339
TEST_0147,0.6138990521430969
TEST_0148,0.10561998933553696
TEST_0149,0.917095959186554
TEST_0150,0.9740390181541443
TEST_0151,0.3081074655056
TEST_0152,0.08149116486310959
TEST_0153,0.9070602059364319
TEST_0154,0.5955444574356079
TEST_0155,0.936823308467865
TEST_0156,0.3600051999092102
TEST_0157,0.7989724278450012
TEST_0158,0.3448856472969055
TEST_0159,0.19699539244174957
TEST_0160,0.08444846421480179
TEST_0161,0.24143047630786896
TEST_0162,0.3368704915046692
TEST_0163,0.3976824879646301
TEST_0164,0.10513604432344437
TEST_0165,0.20292776823043823
TEST_0166,0.921410322189331
TEST_0167,0.11466845124959946
TEST_0168,0.2661014199256897
TEST_0169,0.5112435221672058
TEST_0170,0.34154078364372253
TEST_0171,0.3466237485408783
TEST_0172,0.9644526839256287
TEST_0173,0.0648343488574028
TEST_0174,0.9740942120552063
TEST_0175,0.7249919176101685
TEST_0176,0.06217847019433975
TEST_0177,0.05854681134223938
TEST_0178,0.07279327511787415
TEST_0179,0.23010307550430298
TEST_0180,0.9764511585235596
TEST_0181,0.9568948149681091
TEST_0182,0.6692823171615601
TEST_0183,0.7808066010475159
TEST_0184,0.9424922466278076
TEST_0185,0.9408285617828369
TEST_0186,0.8032183051109314
TEST_0187,0.7307047843933105
TEST_0188,0.9742728471755981
TEST_0189,0.024589231237769127
TEST_0190,0.727540910243988
TEST_0191,0.31039077043533325
TEST_0192,0.9574598073959351
TEST_0193,0.14104488492012024
TEST_0194,0.02010728232562542
TEST_0195,0.9134688973426819
TEST_0196,0.08146088570356369
TEST_0197,0.9663817286491394
TEST_0198,0.9542967081069946
TEST_0199,0.9671438336372375
TEST_0200,0.11005140095949173
TEST_0201,0.9607664942741394
TEST_0202,0.8955395817756653
TEST_0203,0.21451978385448456
TEST_0204,0.8855778574943542
TEST_0205,0.24657756090164185
TEST_0206,0.830575168132782
TEST_0207,0.3264048099517822
TEST_0208,0.06552835553884506
TEST_0209,0.9072045087814331
TEST_0210,0.0512433722615242
TEST_0211,0.06552835553884506
TEST_0212,0.7524054050445557
TEST_0213,0.9382654428482056
TEST_0214,0.09653226286172867
TEST_0215,0.9008838534355164
TEST_0216,0.6721267104148865
TEST_0217,0.17023329436779022
TEST_0218,0.08525233715772629
TEST_0219,0.8412373065948486
TEST_0220,0.0993962362408638
TEST_0221,0.25846073031425476
TEST_0222,0.2390393316745758
TEST_0223,0.030639773234725
TEST_0224,0.24916256964206696
TEST_0225,0.02514968067407608
TEST_0226,0.22212223708629608
TEST_0227,0.2553144693374634
TEST_0228,0.6716094017028809
TEST_0229,0.021886389702558517
TEST_0230,0.06329929083585739
TEST_0231,0.1987600475549698
TEST_0232,0.8231679797172546
TEST_0233,0.37447085976600647
TEST_0234,0.057941120117902756
TEST_0235,0.16927288472652435
TEST_0236,0.966443657875061
TEST_0237,0.5916568040847778
TEST_0238,0.03050621598958969
TEST_0239,0.17582903802394867
TEST_0240,0.30274683237075806
TEST_0241,0.05970657989382744
TEST_0242,0.05439746752381325
TEST_0243,0.18235903978347778
TEST_0244,0.04777822270989418
TEST_0245,0.02395043335855007
TEST_0246,0.405144602060318
TEST_0247,0.9389739036560059
TEST_0248,0.7962121963500977
TEST_0249,0.060046106576919556
TEST_0250,0.7739899158477783
TEST_0251,0.43316856026649475
TEST_0252,0.06391396373510361
TEST_0253,0.09268783777952194
TEST_0254,0.8102394342422485
TEST_0255,0.7135363221168518
TEST_0256,0.7283027172088623
TEST_0257,0.7023699283599854
TEST_0258,0.09968084841966629
TEST_0259,0.15881378948688507
TEST_0260,0.9573114514350891
TEST_0261,0.060063060373067856
TEST_0262,0.18317243456840515
TEST_0263,0.9710693955421448
TEST_0264,0.5581285357475281
TEST_0265,0.9250219464302063
TEST_0266,0.8768396377563477
TEST_0267,0.15656428039073944
TEST_0268,0.8931738138198853
TEST_0269,0.0572299025952816
TEST_0270,0.8276095390319824
TEST_0271,0.038195088505744934
TEST_0272,0.026119127869606018
TEST_0273,0.36746084690093994
TEST_0274,0.875195324420929
TEST_0275,0.35075142979621887
TEST_0276,0.15251998603343964
TEST_0277,0.12380364537239075
TEST_0278,0.07874657958745956
TEST_0279,0.911088228225708
TEST_0280,0.544467031955719
TEST_0281,0.1667548269033432
TEST_0282,0.05743815377354622
TEST_0283,0.1757156103849411
TEST_0284,0.055570293217897415
TEST_0285,0.10807855427265167
TEST_0286,0.9157105088233948
TEST_0287,0.21249239146709442
TEST_0288,0.6360556483268738
TEST_0289,0.9660874605178833
TEST_0290,0.8772691488265991
TEST_0291,0.2092016488313675
TEST_0292,0.9737763404846191
TEST_0293,0.1580323427915573
TEST_0294,0.5269537568092346
TEST_0295,0.4079110026359558
TEST_0296,0.8618254065513611
TEST_0297,0.20575745403766632
TEST_0298,0.9283724427223206
TEST_0299,0.7491904497146606
TEST_0300,0.9609542489051819
TEST_0301,0.7718371152877808
TEST_0302,0.9812167286872864
TEST_0303,0.4926353096961975
TEST_0304,0.21656236052513123
TEST_0305,0.09557073563337326
TEST_0306,0.09299186617136002
TEST_0307,0.07676073908805847
TEST_0308,0.1741817742586136
TEST_0309,0.02226243168115616
TEST_0310,0.08587907254695892
TEST_0311,0.9780584573745728
TEST_0312,0.15413561463356018
TEST_0313,0.9585974812507629
TEST_0314,0.0704144835472107
TEST_0315,0.8966226577758789
TEST_0316,0.1513528972864151
TEST_0317,0.9688976407051086
TEST_0318,0.9540132284164429
TEST_0319,0.2228173017501831
TEST_0320,0.2787177860736847
TEST_0321,0.9842729568481445
TEST_0322,0.5293638110160828
TEST_0323,0.34217020869255066
TEST_0324,0.934926450252533
TEST_0325,0.1963462233543396
TEST_0326,0.3254169821739197
TEST_0327,0.9769420623779297
TEST_0328,0.9578065872192383
TEST_0329,0.9370744228363037
TEST_0330,0.8427371978759766
TEST_0331,0.07369034737348557
TEST_0332,0.09080100059509277
TEST_0333,0.9616024494171143
TEST_0334,0.239389568567276
TEST_0335,0.3103034198284149
TEST_0336,0.8585238456726074
TEST_0337,0.11477744579315186
TEST_0338,0.04957953840494156
TEST_0339,0.08443626016378403
TEST_0340,0.7925298810005188
TEST_0341,0.886471688747406
TEST_0342,0.126377135515213
TEST_0343,0.5812907218933105
TEST_0344,0.30591756105422974
TEST_0345,0.9003754258155823
TEST_0346,0.6675907373428345
TEST_0347,0.029536137357354164
TEST_0348,0.04904584214091301
TEST_0349,0.9758430123329163
TEST_0350,0.945777952671051
TEST_0351,0.8641502261161804
TEST_0352,0.6675907373428345
TEST_0353,0.3512532711029053
TEST_0354,0.44401440024375916
TEST_0355,0.2341356873512268
TEST_0356,0.9740755558013916
TEST_0357,0.29903924465179443
TEST_0358,0.24668215215206146
TEST_0359,0.9558075666427612
TEST_0360,0.9615631699562073
TEST_0361,0.9629051089286804
TEST_0362,0.4624517261981964
TEST_0363,0.935638964176178
TEST_0364,0.6186040639877319
TEST_0365,0.7764579057693481
TEST_0366,0.6319654583930969
TEST_0367,0.042348943650722504
TEST_0368,0.9296197891235352
TEST_0369,0.39648205041885376
TEST_0370,0.3341546654701233
TEST_0371,0.46792900562286377
TEST_0372,0.16795793175697327
TEST_0373,0.2516475319862366
TEST_0374,0.1248316615819931
TEST_0375,0.6898271441459656
TEST_0376,0.5028128027915955
TEST_0377,0.48053041100502014
TEST_0378,0.6748307347297668
TEST_0379,0.2525272071361542
TEST_0380,0.9578296542167664
TEST_0381,0.6686899662017822
TEST_0382,0.8353991508483887
TEST_0383,0.8937965631484985
TEST_0384,0.588531494140625
TEST_0385,0.704228937625885
TEST_0386,0.5696572065353394
TEST_0387,0.2940264344215393
TEST_0388,0.06624632328748703
TEST_0389,0.7596707344055176
TEST_0390,0.1023731455206871
TEST_0391,0.7321859002113342
TEST_0392,0.0979190468788147
TEST_0393,0.20552916824817657
TEST_0394,0.94636470079422
TEST_0395,0.9515739679336548
TEST_0396,0.8569170832633972
TEST_0397,0.9360374212265015
TEST_0398,0.9279990196228027
TEST_0399,0.5768111944198608
TEST_0400,0.7434855699539185
TEST_0401,0.4091770052909851
TEST_0402,0.5425088405609131
TEST_0403,0.8761453628540039
TEST_0404,0.9414491057395935
TEST_0405,0.2837994694709778
TEST_0406,0.8365963697433472
TEST_0407,0.8285501599311829
TEST_0408,0.7972108125686646
TEST_0409,0.16472633183002472
TEST_0410,0.9646716117858887
TEST_0411,0.9145793914794922
TEST_0412,0.9490914344787598
TEST_0413,0.08691153675317764
TEST_0414,0.06890102475881577
TEST_0415,0.1759677231311798
TEST_0416,0.4354449212551117
TEST_0417,0.7034852504730225
TEST_0418,0.9805659055709839
TEST_0419,0.482168972492218
TEST_0420,0.9208364486694336
TEST_0421,0.8938372135162354
TEST_0422,0.98189377784729
TEST_0423,0.9242111444473267
TEST_0424,0.3377411961555481
TEST_0425,0.9738878011703491
TEST_0426,0.6228165626525879
TEST_0427,0.1874283254146576
TEST_0428,0.05638294667005539
TEST_0429,0.9035347104072571
TEST_0430,0.9537680149078369
TEST_0431,0.9236939549446106
TEST_0432,0.16312536597251892
TEST_0433,0.7254610657691956
TEST_0434,0.16334275901317596
TEST_0435,0.9366773366928101
TEST_0436,0.6426888108253479
TEST_0437,0.9787624478340149
TEST_0438,0.14839224517345428
TEST_0439,0.8732603788375854
TEST_0440,0.9840949177742004
TEST_0441,0.1597585678100586
TEST_0442,0.9639542102813721
TEST_0443,0.7571344375610352
TEST_0444,0.9480547904968262
TEST_0445,0.4453836679458618
TEST_0446,0.9595299363136292
TEST_0447,0.790986180305481
TEST_0448,0.8929954171180725
TEST_0449,0.24705202877521515
TEST_0450,0.1919059306383133
TEST_0451,0.1361234188079834
TEST_0452,0.30947235226631165
TEST_0453,0.15776079893112183
TEST_0454,0.8726945519447327
TEST_0455,0.27756422758102417
TEST_0456,0.39198580384254456
TEST_0457,0.8890957832336426
TEST_0458,0.5181822776794434
TEST_0459,0.26321208477020264
TEST_0460,0.27598991990089417
TEST_0461,0.20174723863601685
TEST_0462,0.8648242950439453
TEST_0463,0.24899950623512268
TEST_0464,0.22355490922927856
TEST_0465,0.7942379713058472
TEST_0466,0.38689786195755005
TEST_0467,0.9514090418815613
TEST_0468,0.9554523825645447
TEST_0469,0.7062436938285828
TEST_0470,0.6525540351867676
TEST_0471,0.07763993740081787
TEST_0472,0.6825708746910095
TEST_0473,0.45570477843284607
TEST_0474,0.6228600740432739
TEST_0475,0.22316525876522064
TEST_0476,0.1888609081506729
TEST_0477,0.8369607925415039
TEST_0478,0.7504491209983826
TEST_0479,0.9576978087425232
TEST_0480,0.2469106912612915
TEST_0481,0.25426870584487915
TEST_0482,0.9434257745742798
TEST_0483,0.3779332637786865
TEST_0484,0.7275128364562988
TEST_0485,0.8561326861381531
TEST_0486,0.9353911280632019
TEST_0487,0.3300183415412903
TEST_0488,0.9639747142791748
TEST_0489,0.7690460085868835
TEST_0490,0.9308943152427673
TEST_0491,0.3093978762626648
TEST_0492,0.5506982803344727
TEST_0493,0.6992348432540894
TEST_0494,0.38677114248275757
TEST_0495,0.8262184262275696
TEST_0496,0.9829455614089966
TEST_0497,0.06470417231321335
TEST_0498,0.1903630644083023
TEST_0499,0.059299204498529434
TEST_0500,0.04762028157711029
TEST_0501,0.9709186553955078
TEST_0502,0.1353624165058136
TEST_0503,0.965355396270752
TEST_0504,0.1264643520116806
TEST_0505,0.8418969511985779
TEST_0506,0.2355833798646927
TEST_0507,0.16839972138404846
TEST_0508,0.1711442619562149
TEST_0509,0.9533886313438416
TEST_0510,0.3053567409515381
TEST_0511,0.9099258184432983
TEST_0512,0.7410669922828674
TEST_0513,0.6815203428268433
TEST_0514,0.25418204069137573
TEST_0515,0.6417251229286194
TEST_0516,0.13659167289733887
TEST_0517,0.8439933657646179
TEST_0518,0.9336640238761902
TEST_0519,0.26856333017349243
TEST_0520,0.4113573431968689
TEST_0521,0.7165529131889343
TEST_0522,0.6596869230270386
TEST_0523,0.8994632363319397
TEST_0524,0.46703407168388367
TEST_0525,0.19018298387527466
TEST_0526,0.22520869970321655
TEST_0527,0.8632034659385681
TEST_0528,0.17101532220840454
TEST_0529,0.1837490350008011
TEST_0530,0.42306575179100037
TEST_0531,0.9455912113189697
TEST_0532,0.6321625113487244
TEST_0533,0.8032184839248657
TEST_0534,0.9693673253059387
TEST_0535,0.08098356425762177
TEST_0536,0.665878176689148
TEST_0537,0.7216137051582336
TEST_0538,0.5919821858406067
TEST_0539,0.24879254400730133
TEST_0540,0.14901496469974518
TEST_0541,0.8368211388587952
TEST_0542,0.20194335281848907
TEST_0543,0.09119877964258194
TEST_0544,0.1961243897676468
TEST_0545,0.597558319568634
TEST_0546,0.44385743141174316
TEST_0547,0.13235190510749817
TEST_0548,0.7017092108726501
TEST_0549,0.060506515204906464
TEST_0550,0.9154925346374512
TEST_0551,0.8650696277618408
TEST_0552,0.21594268083572388
TEST_0553,0.7805966734886169
TEST_0554,0.23338095843791962
TEST_0555,0.2005913406610489
TEST_0556,0.09193456918001175
TEST_0557,0.21538227796554565
TEST_0558,0.08878778666257858
TEST_0559,0.18807320296764374
TEST_0560,0.21633946895599365
TEST_0561,0.9150888919830322
TEST_0562,0.708640456199646
TEST_0563,0.4771142899990082
TEST_0564,0.388092964887619
TEST_0565,0.23156945407390594
TEST_0566,0.9508038759231567
TEST_0567,0.7781766653060913
TEST_0568,0.931117832660675
TEST_0569,0.07478116452693939
TEST_0570,0.9036264419555664
TEST_0571,0.3226199150085449
TEST_0572,0.9453587532043457
TEST_0573,0.3005826473236084
TEST_0574,0.07693839818239212
TEST_0575,0.20383302867412567
TEST_0576,0.9756078720092773
TEST_0577,0.8585854172706604
TEST_0578,0.6159528493881226
TEST_0579,0.4831295907497406
TEST_0580,0.9832943677902222
TEST_0581,0.3385581970214844
TEST_0582,0.9167701005935669
TEST_0583,0.931702196598053
TEST_0584,0.47570717334747314
TEST_0585,0.5306825041770935
TEST_0586,0.9647666215896606
TEST_0587,0.664612889289856
TEST_0588,0.9734110236167908
TEST_0589,0.35664042830467224
TEST_0590,0.9792855381965637
TEST_0591,0.9624348282814026
TEST_0592,0.9774379730224609
TEST_0593,0.9464108347892761
TEST_0594,0.08830700069665909
TEST_0595,0.9761037230491638
TEST_0596,0.22464492917060852
TEST_0597,0.24520327150821686
TEST_0598,0.08973585069179535
TEST_0599,0.07571172714233398
TEST_0600,0.5570209622383118
TEST_0601,0.3270654082298279
TEST_0602,0.43512558937072754
TEST_0603,0.24933680891990662
TEST_0604,0.24091698229312897
TEST_0605,0.9388762712478638
TEST_0606,0.15331269800662994
TEST_0607,0.5592244863510132
TEST_0608,0.7786903381347656
TEST_0609,0.09654823690652847
TEST_0610,0.4798102080821991
TEST_0611,0.6088094115257263
TEST_0612,0.16569066047668457
TEST_0613,0.4650854170322418
TEST_0614,0.11904158443212509
TEST_0615,0.021884001791477203
TEST_0616,0.024740347638726234
TEST_0617,0.42111870646476746
TEST_0618,0.632958710193634
TEST_0619,0.9075009822845459
TEST_0620,0.18646709620952606
TEST_0621,0.2374381721019745
TEST_0622,0.12269521504640579
TEST_0623,0.09944657236337662
TEST_0624,0.025741903111338615
TEST_0625,0.6716547012329102
TEST_0626,0.22561493515968323
TEST_0627,0.4364103376865387
TEST_0628,0.24293264746665955
TEST_0629,0.5512966513633728
TEST_0630,0.10751466453075409
TEST_0631,0.15862399339675903
TEST_0632,0.8849567770957947
TEST_0633,0.815505862236023
TEST_0634,0.42307332158088684
TEST_0635,0.11752407252788544
TEST_0636,0.09115142375230789
TEST_0637,0.4690060317516327
TEST_0638,0.24013227224349976
TEST_0639,0.147413969039917
TEST_0640,0.028176046907901764
TEST_0641,0.3228035569190979
TEST_0642,0.25089454650878906
TEST_0643,0.9245861172676086
TEST_0644,0.652217447757721
TEST_0645,0.9584255218505859
TEST_0646,0.819747805595398
TEST_0647,0.0902961790561676
TEST_0648,0.6899597644805908
TEST_0649,0.784074604511261
TEST_0650,0.6699718236923218
TEST_0651,0.20378164947032928
TEST_0652,0.8211830258369446
TEST_0653,0.2749581038951874
TEST_0654,0.31746622920036316
TEST_0655,0.6973035931587219
TEST_0656,0.23734641075134277
TEST_0657,0.17705480754375458
TEST_0658,0.27975043654441833
TEST_0659,0.18386374413967133
TEST_0660,0.6677100658416748
TEST_0661,0.07838446646928787
TEST_0662,0.5327906012535095
TEST_0663,0.8059730529785156
TEST_0664,0.2676957845687866
TEST_0665,0.19623808562755585
TEST_0666,0.2700458765029907
TEST_0667,0.40756526589393616
TEST_0668,0.8381015062332153
TEST_0669,0.11876839399337769
TEST_0670,0.8545759320259094
TEST_0671,0.8954805135726929
TEST_0672,0.9117283225059509
TEST_0673,0.20256970822811127
TEST_0674,0.6479707956314087
TEST_0675,0.9824926853179932
TEST_0676,0.3957281708717346
TEST_0677,0.7640524506568909
TEST_0678,0.10092157870531082
TEST_0679,0.8340877294540405
TEST_0680,0.979742705821991
TEST_0681,0.4107690751552582
TEST_0682,0.8942242860794067
TEST_0683,0.1446606069803238
TEST_0684,0.046948857605457306
TEST_0685,0.10917443037033081
TEST_0686,0.37449997663497925
TEST_0687,0.9532074928283691
TEST_0688,0.8942438364028931
TEST_0689,0.3527624011039734
TEST_0690,0.2638630270957947
TEST_0691,0.1907528042793274
TEST_0692,0.9403846263885498
TEST_0693,0.08538830280303955
TEST_0694,0.10378474742174149
TEST_0695,0.2135000377893448
TEST_0696,0.05538167804479599
TEST_0697,0.511381208896637
TEST_0698,0.31749364733695984
TEST_0699,0.13450276851654053
TEST_0700,0.7813121676445007
TEST_0701,0.8934298157691956
TEST_0702,0.241962730884552
TEST_0703,0.24029521644115448
TEST_0704,0.1782841980457306
TEST_0705,0.9033743739128113
TEST_0706,0.5663327574729919
TEST_0707,0.9754471182823181
TEST_0708,0.495858758687973
TEST_0709,0.9328647255897522
TEST_0710,0.9425843954086304
TEST_0711,0.37974101305007935
TEST_0712,0.9242931008338928
TEST_0713,0.6818134784698486
TEST_0714,0.025457095354795456
TEST_0715,0.03758542984724045
TEST_0716,0.6422179341316223
TEST_0717,0.22753046452999115
TEST_0718,0.8973904848098755
TEST_0719,0.5443846583366394
TEST_0720,0.9499189853668213
TEST_0721,0.5280683040618896
TEST_0722,0.8316310048103333
TEST_0723,0.9822758436203003
TEST_0724,0.9148885011672974
TEST_0725,0.6694462895393372
TEST_0726,0.14096537232398987
TEST_0727,0.9541518092155457
TEST_0728,0.20128865540027618
TEST_0729,0.13191108405590057
TEST_0730,0.08736872673034668
TEST_0731,0.13519787788391113
TEST_0732,0.9130964279174805
TEST_0733,0.7942468523979187
TEST_0734,0.07537250220775604
TEST_0735,0.9776806831359863
TEST_0736,0.11002868413925171
TEST_0737,0.31262606382369995
TEST_0738,0.9169759750366211
TEST_0739,0.7138922214508057
TEST_0740,0.9709122180938721
TEST_0741,0.4085378348827362
TEST_0742,0.9767320156097412
TEST_0743,0.9173775911331177
TEST_0744,0.5885262489318848
TEST_0745,0.6245102882385254
TEST_0746,0.13770140707492828
TEST_0747,0.8624868988990784
TEST_0748,0.9490487575531006
TEST_0749,0.6406573057174683
TEST_0750,0.9469343423843384
TEST_0751,0.46392622590065
TEST_0752,0.9200087189674377
TEST_0753,0.9525389671325684
TEST_0754,0.9071641564369202
TEST_0755,0.8503942489624023
TEST_0756,0.36379969120025635
TEST_0757,0.9752669930458069
TEST_0758,0.9363650679588318
TEST_0759,0.45892152190208435
TEST_0760,0.9069395065307617
TEST_0761,0.6538599133491516
TEST_0762,0.7684845924377441
TEST_0763,0.5616788864135742
TEST_0764,0.9369281530380249
TEST_0765,0.2134304642677307
TEST_0766,0.8144236207008362
TEST_0767,0.6018158793449402
TEST_0768,0.13227131962776184
TEST_0769,0.24998772144317627
TEST_0770,0.9310730695724487
TEST_0771,0.7220672369003296
TEST_0772,0.9181160926818848
TEST_0773,0.2644330561161041
TEST_0774,0.31363940238952637
TEST_0775,0.8047231435775757
TEST_0776,0.4228745400905609
TEST_0777,0.1678733080625534
TEST_0778,0.5620719790458679
TEST_0779,0.15627780556678772
TEST_0780,0.4041895866394043
TEST_0781,0.48680171370506287
TEST_0782,0.19706737995147705
TEST_0783,0.7351307272911072
TEST_0784,0.39384526014328003
TEST_0785,0.47280028462409973
TEST_0786,0.4212159216403961
TEST_0787,0.14496050775051117
TEST_0788,0.21938586235046387
TEST_0789,0.10101453959941864
TEST_0790,0.11771085113286972
TEST_0791,0.6345713138580322
TEST_0792,0.10566916316747665
TEST_0793,0.25035548210144043
TEST_0794,0.0724780485033989
TEST_0795,0.37175580859184265
TEST_0796,0.7658013701438904
TEST_0797,0.06206868961453438
TEST_0798,0.5786650776863098
TEST_0799,0.4546326994895935
TEST_0800,0.18411880731582642
TEST_0801,0.30194178223609924
TEST_0802,0.9697974324226379
TEST_0803,0.8384920954704285
TEST_0804,0.16118156909942627
TEST_0805,0.08523043245077133
TEST_0806,0.29746854305267334
TEST_0807,0.03463456407189369
TEST_0808,0.2113320231437683
TEST_0809,0.8958815932273865
TEST_0810,0.8202041983604431
TEST_0811,0.22653327882289886
TEST_0812,0.8631063103675842
TEST_0813,0.17171062529087067
TEST_0814,0.8686282634735107
TEST_0815,0.11272144317626953
TEST_0816,0.23253406584262848
TEST_0817,0.8417056202888489
TEST_0818,0.8907710313796997
TEST_0819,0.8621659278869629
TEST_0820,0.7470731735229492
TEST_0821,0.6506162881851196
TEST_0822,0.6823011040687561
TEST_0823,0.13609805703163147
TEST_0824,0.5401865839958191
TEST_0825,0.22340472042560577
TEST_0826,0.7554791569709778
TEST_0827,0.2555485665798187
TEST_0828,0.3713172376155853
TEST_0829,0.36665886640548706
TEST_0830,0.632604718208313
TEST_0831,0.8530418276786804
TEST_0832,0.1788165420293808
TEST_0833,0.9561414122581482
TEST_0834,0.5059005618095398
TEST_0835,0.5738363265991211
TEST_0836,0.972684919834137
TEST_0837,0.9720211625099182
TEST_0838,0.9488968849182129
TEST_0839,0.0791059285402298
TEST_0840,0.5794385075569153
TEST_0841,0.14978598058223724
TEST_0842,0.6252785921096802
TEST_0843,0.9654477834701538
TEST_0844,0.4316808581352234
TEST_0845,0.209284707903862
TEST_0846,0.4108402132987976
TEST_0847,0.15981271862983704
TEST_0848,0.4197000563144684
TEST_0849,0.9035840630531311
TEST_0850,0.9476479291915894
TEST_0851,0.20988117158412933
TEST_0852,0.7557508945465088
TEST_0853,0.45769304037094116
TEST_0854,0.9522596001625061
TEST_0855,0.09600629657506943
TEST_0856,0.05769103020429611
TEST_0857,0.14096657931804657
TEST_0858,0.257517546415329
TEST_0859,0.941271960735321
TEST_0860,0.9700302481651306
TEST_0861,0.15218201279640198
TEST_0862,0.10143641382455826
TEST_0863,0.9078512191772461
TEST_0864,0.2517207860946655
TEST_0865,0.6843093633651733
TEST_0866,0.06805424392223358
TEST_0867,0.5768303871154785
TEST_0868,0.6053385138511658
TEST_0869,0.6261836290359497
TEST_0870,0.7680261135101318
TEST_0871,0.9268566370010376
TEST_0872,0.9189987778663635
TEST_0873,0.28907597064971924
TEST_0874,0.05365348234772682
TEST_0875,0.5179504752159119
TEST_0876,0.6296356320381165
TEST_0877,0.8990356922149658
TEST_0878,0.953192412853241
TEST_0879,0.9686528444290161
TEST_0880,0.6975706815719604
TEST_0881,0.8587601780891418
TEST_0882,0.9013932347297668
TEST_0883,0.333469957113266
TEST_0884,0.5154222846031189
TEST_0885,0.08162643015384674
TEST_0886,0.5417689681053162
TEST_0887,0.46291211247444153
TEST_0888,0.8511707782745361
TEST_0889,0.8728132247924805
TEST_0890,0.7565159797668457
TEST_0891,0.944756031036377
TEST_0892,0.7128923535346985
TEST_0893,0.532116711139679
TEST_0894,0.6888972520828247
TEST_0895,0.8826384544372559
TEST_0896,0.13698285818099976
TEST_0897,0.6990188360214233
TEST_0898,0.9107333421707153
TEST_0899,0.19694945216178894
TEST_0900,0.5314180254936218
TEST_0901,0.4160727262496948
TEST_0902,0.0704634040594101
TEST_0903,0.890541672706604
TEST_0904,0.7321121096611023
TEST_0905,0.1138918399810791
TEST_0906,0.34302690625190735
TEST_0907,0.6544913649559021
TEST_0908,0.5758586525917053
TEST_0909,0.24365615844726562
TEST_0910,0.8042335510253906
TEST_0911,0.657012403011322
TEST_0912,0.06894686073064804
TEST_0913,0.23187105357646942
TEST_0914,0.8713819980621338
TEST_0915,0.29182425141334534
TEST_0916,0.19007109105587006
TEST_0917,0.9646379351615906
TEST_0918,0.7944496870040894
TEST_0919,0.4410732388496399
TEST_0920,0.4751961827278137
TEST_0921,0.8745586276054382
TEST_0922,0.2007364183664322
TEST_0923,0.36489883065223694
TEST_0924,0.9809888005256653
TEST_0925,0.08463932573795319
TEST_0926,0.9456823468208313
TEST_0927,0.6206912398338318
TEST_0928,0.8746142387390137
TEST_0929,0.8945764303207397
TEST_0930,0.7222084999084473
TEST_0931,0.9727658033370972
TEST_0932,0.9591392874717712
TEST_0933,0.06448067724704742
TEST_0934,0.2722233831882477
TEST_0935,0.254783034324646
TEST_0936,0.17881499230861664
TEST_0937,0.8619416356086731
TEST_0938,0.9550056457519531
TEST_0939,0.8896604776382446
TEST_0940,0.11426130682229996
TEST_0941,0.8396638631820679
TEST_0942,0.35433724522590637
TEST_0943,0.6364003419876099
TEST_0944,0.9458872675895691
TEST_0945,0.1363932192325592
TEST_0946,0.9753330945968628
TEST_0947,0.9058030843734741
TEST_0948,0.1777685582637787
TEST_0949,0.43141400814056396
TEST_0950,0.3916699290275574
TEST_0951,0.9255938529968262
TEST_0952,0.05561036244034767
TEST_0953,0.11986005306243896
TEST_0954,0.09645289182662964
TEST_0955,0.46195095777511597
TEST_0956,0.41011062264442444
TEST_0957,0.16713425517082214
TEST_0958,0.9196050763130188
TEST_0959,0.9455974698066711
TEST_0960,0.6502941846847534
TEST_0961,0.9381580948829651
TEST_0962,0.3055504262447357
TEST_0963,0.08458975702524185
TEST_0964,0.7065027356147766
TEST_0965,0.07698246836662292
TEST_0966,0.8921206593513489
TEST_0967,0.6848841309547424
TEST_0968,0.6208608150482178
TEST_0969,0.844735324382782
TEST_0970,0.8183491826057434
TEST_0971,0.4969629943370819
TEST_0972,0.9570358991622925
TEST_0973,0.5473310947418213
TEST_0974,0.6209100484848022
TEST_0975,0.8074209094047546
TEST_0976,0.8205196261405945
TEST_0977,0.9066715836524963
TEST_0978,0.9514340758323669
TEST_0979,0.023421963676810265
TEST_0980,0.9056896567344666
TEST_0981,0.7372207641601562
TEST_0982,0.8322474956512451
TEST_0983,0.14399419724941254
TEST_0984,0.2211838960647583
TEST_0985,0.08736532181501389
TEST_0986,0.5382916331291199
TEST_0987,0.18327447772026062
TEST_0988,0.9318544864654541
TEST_0989,0.8655039668083191
TEST_0990,0.3555047810077667
TEST_0991,0.5183442234992981
TEST_0992,0.20282264053821564
TEST_0993,0.654617428779602
TEST_0994,0.06275925785303116
TEST_0995,0.15552853047847748
TEST_0996,0.06212978810071945
TEST_0997,0.816060483455658
TEST_0998,0.8913901448249817
TEST_0999,0.07880790531635284
TEST_1000,0.9179505705833435
TEST_1001,0.026390792801976204
TEST_1002,0.31779614090919495
TEST_1003,0.04058248549699783
TEST_1004,0.9447065591812134
TEST_1005,0.1234896257519722
TEST_1006,0.33115437626838684
TEST_1007,0.7735010981559753
TEST_1008,0.9620314240455627
TEST_1009,0.9765017628669739
TEST_1010,0.9782353639602661
TEST_1011,0.9759482741355896
TEST_1012,0.9583244919776917
TEST_1013,0.3054209351539612
TEST_1014,0.3092067539691925
TEST_1015,0.4254595935344696
TEST_1016,0.6685535907745361
TEST_1017,0.8493912220001221
TEST_1018,0.25363969802856445
TEST_1019,0.27821022272109985
TEST_1020,0.13990889489650726
TEST_1021,0.19366253912448883
TEST_1022,0.5912103652954102
TEST_1023,0.8685451745986938
TEST_1024,0.3037281334400177
TEST_1025,0.7358497977256775
TEST_1026,0.9689670205116272
TEST_1027,0.15350648760795593
TEST_1028,0.9270098805427551
TEST_1029,0.6371387243270874
TEST_1030,0.8896586298942566
TEST_1031,0.8312917947769165
TEST_1032,0.8056095242500305
TEST_1033,0.809329628944397
TEST_1034,0.7931903004646301
TEST_1035,0.9464147686958313
TEST_1036,0.478229820728302
TEST_1037,0.9293011426925659
TEST_1038,0.7991467714309692
TEST_1039,0.03138088434934616
TEST_1040,0.7837677001953125
TEST_1041,0.35625699162483215
TEST_1042,0.3103671371936798
TEST_1043,0.9586206078529358
TEST_1044,0.9458501935005188
TEST_1045,0.8464615345001221
TEST_1046,0.6670904755592346
TEST_1047,0.925208568572998
TEST_1048,0.7566729784011841
TEST_1049,0.9039591550827026
TEST_1050,0.47172996401786804
TEST_1051,0.9604290127754211
TEST_1052,0.6581739783287048
TEST_1053,0.620254397392273
TEST_1054,0.7639108896255493
TEST_1055,0.29833003878593445
TEST_1056,0.6196459531784058
TEST_1057,0.05874587222933769
TEST_1058,0.1633380651473999
TEST_1059,0.32535821199417114
TEST_1060,0.026958433911204338
TEST_1061,0.1255820393562317
TEST_1062,0.7977153062820435
TEST_1063,0.7081879377365112
TEST_1064,0.827036440372467
TEST_1065,0.3126079738140106
TEST_1066,0.8666092753410339
TEST_1067,0.10400893539190292
TEST_1068,0.2965923249721527
TEST_1069,0.11335105448961258
TEST_1070,0.23425599932670593
TEST_1071,0.25317415595054626
TEST_1072,0.6131691336631775
TEST_1073,0.9142144918441772
TEST_1074,0.8232686519622803
TEST_1075,0.024804966524243355
TEST_1076,0.08613304793834686
TEST_1077,0.2114139050245285
TEST_1078,0.1286061406135559
TEST_1079,0.24756093323230743
TEST_1080,0.536891520023346
TEST_1081,0.30345848202705383
TEST_1082,0.9748363494873047
TEST_1083,0.9038723707199097
TEST_1084,0.1256667524576187
TEST_1085,0.9157385230064392
TEST_1086,0.15461678802967072
TEST_1087,0.9722312092781067
TEST_1088,0.23928700387477875
TEST_1089,0.95701664686203
TEST_1090,0.16475418210029602
TEST_1091,0.6478859782218933
TEST_1092,0.3892016112804413
TEST_1093,0.6830298900604248
TEST_1094,0.38866397738456726
TEST_1095,0.48395824432373047
TEST_1096,0.8111091256141663
TEST_1097,0.8485069870948792
TEST_1098,0.5018711090087891
TEST_1099,0.8361462354660034
TEST_1100,0.9734467267990112
TEST_1101,0.48860403895378113
TEST_1102,0.5621708035469055
TEST_1103,0.2970069944858551
TEST_1104,0.29514703154563904
TEST_1105,0.38350823521614075
TEST_1106,0.7715203166007996
TEST_1107,0.15366674959659576
TEST_1108,0.4091286361217499
TEST_1109,0.9306775331497192
TEST_1110,0.45697280764579773
TEST_1111,0.3764908015727997
TEST_1112,0.02787153050303459
TEST_1113,0.20686765015125275
TEST_1114,0.16215622425079346
TEST_1115,0.7395450472831726
TEST_1116,0.1304682493209839
TEST_1117,0.637183427810669
TEST_1118,0.05919349193572998
TEST_1119,0.7875906825065613
TEST_1120,0.3567569851875305
TEST_1121,0.1319475620985031
TEST_1122,0.7302004098892212
TEST_1123,0.8857190608978271
TEST_1124,0.15464511513710022
TEST_1125,0.9112728238105774
TEST_1126,0.02760942094027996
TEST_1127,0.2876010239124298
TEST_1128,0.39323920011520386
TEST_1129,0.11445429176092148
TEST_1130,0.05543859302997589
TEST_1131,0.19670167565345764
TEST_1132,0.9173643589019775
TEST_1133,0.9561777114868164
TEST_1134,0.2752920389175415
TEST_1135,0.8868808746337891
TEST_1136,0.9718866348266602
TEST_1137,0.9819127321243286
TEST_1138,0.7829453349113464
TEST_1139,0.044902503490448
TEST_1140,0.8805421590805054
TEST_1141,0.5703407526016235
TEST_1142,0.6322055459022522
TEST_1143,0.11974696069955826
TEST_1144,0.08468667417764664
TEST_1145,0.23862864077091217
TEST_1146,0.11711082607507706
TEST_1147,0.3170371353626251
TEST_1148,0.9662266969680786
TEST_1149,0.8750813007354736
TEST_1150,0.2092471569776535
TEST_1151,0.8030921220779419
TEST_1152,0.35857921838760376
TEST_1153,0.2116072028875351
TEST_1154,0.7665359973907471
TEST_1155,0.37901338934898376
TEST_1156,0.8722295165061951
TEST_1157,0.9456743597984314
TEST_1158,0.6884797215461731
TEST_1159,0.6688622236251831
TEST_1160,0.5671150088310242
TEST_1161,0.8069077134132385
TEST_1162,0.9510200023651123
TEST_1163,0.3014235198497772
TEST_1164,0.8415913581848145
TEST_1165,0.9455907344818115
TEST_1166,0.6802409887313843
TEST_1167,0.1499655693769455
TEST_1168,0.6755175590515137
TEST_1169,0.32236847281455994
TEST_1170,0.7878630757331848
TEST_1171,0.9107975959777832
TEST_1172,0.18153387308120728
TEST_1173,0.8739661574363708
TEST_1174,0.8109571933746338
TEST_1175,0.9300093650817871
TEST_1176,0.5162096619606018
TEST_1177,0.7204942107200623
TEST_1178,0.6542293429374695
TEST_1179,0.9456535577774048
TEST_1180,0.6506636142730713
TEST_1181,0.5105701088905334
TEST_1182,0.6445291042327881
TEST_1183,0.6332237124443054
TEST_1184,0.44849205017089844
TEST_1185,0.7841721177101135
TEST_1186,0.7646393179893494
TEST_1187,0.9542219638824463
TEST_1188,0.25492292642593384
TEST_1189,0.19526273012161255
TEST_1190,0.0789400041103363
TEST_1191,0.1386258751153946
TEST_1192,0.2874106764793396
TEST_1193,0.4972439110279083
TEST_1194,0.11338261514902115
TEST_1195,0.03864940628409386
TEST_1196,0.3941240906715393
TEST_1197,0.11861772835254669
TEST_1198,0.5756632685661316
TEST_1199,0.8517323732376099
TEST_1200,0.7399555444717407
TEST_1201,0.3085044324398041
TEST_1202,0.9464019536972046
TEST_1203,0.7661864161491394
TEST_1204,0.3306678831577301
TEST_1205,0.9301698207855225
TEST_1206,0.2109404057264328
TEST_1207,0.3699914813041687
TEST_1208,0.924410879611969
TEST_1209,0.9098973274230957
TEST_1210,0.6918200254440308
TEST_1211,0.969780683517456
TEST_1212,0.2804420292377472
TEST_1213,0.1964016854763031
TEST_1214,0.3063074052333832
TEST_1215,0.9783707857131958
TEST_1216,0.8526260852813721
TEST_1217,0.9148671627044678
TEST_1218,0.9366103410720825
TEST_1219,0.5149763226509094
TEST_1220,0.16216160356998444
TEST_1221,0.9123393297195435
TEST_1222,0.8275290131568909
TEST_1223,0.3097585439682007
TEST_1224,0.9303176403045654
TEST_1225,0.03880900889635086
TEST_1226,0.16735367476940155
TEST_1227,0.6926859021186829
TEST_1228,0.12526170909404755
TEST_1229,0.8883327841758728
TEST_1230,0.11957970261573792
TEST_1231,0.6337318420410156
TEST_1232,0.05757426843047142
TEST_1233,0.20373183488845825
TEST_1234,0.8873701095581055
TEST_1235,0.32809340953826904
TEST_1236,0.9557129740715027
TEST_1237,0.7769383192062378
TEST_1238,0.3166112005710602
TEST_1239,0.31868353486061096
TEST_1240,0.9801394939422607
TEST_1241,0.24418936669826508
TEST_1242,0.21107620000839233
TEST_1243,0.978459358215332
TEST_1244,0.9798144698143005
TEST_1245,0.932263970375061
TEST_1246,0.9825473427772522
TEST_1247,0.6774390339851379
TEST_1248,0.20325961709022522
TEST_1249,0.23922905325889587
TEST_1250,0.5384702086448669
TEST_1251,0.7286711931228638
TEST_1252,0.16592644155025482
TEST_1253,0.9676555395126343
TEST_1254,0.9783581495285034
TEST_1255,0.05641763284802437
TEST_1256,0.6566095948219299
TEST_1257,0.30732274055480957
TEST_1258,0.09305253624916077
TEST_1259,0.08631082624197006
TEST_1260,0.08179240673780441
TEST_1261,0.06969113647937775
TEST_1262,0.3517513871192932
TEST_1263,0.25225400924682617
TEST_1264,0.18137520551681519
TEST_1265,0.24713633954524994
TEST_1266,0.8706281781196594
TEST_1267,0.9484832882881165
TEST_1268,0.15575793385505676
TEST_1269,0.48935815691947937
TEST_1270,0.05073313042521477
TEST_1271,0.30020055174827576
TEST_1272,0.8331418037414551
TEST_1273,0.20140494406223297
TEST_1274,0.806667685508728
TEST_1275,0.42281511425971985
TEST_1276,0.8881198167800903
TEST_1277,0.2932893633842468
TEST_1278,0.08279654383659363
TEST_1279,0.450516015291214
TEST_1280,0.1569214016199112
TEST_1281,0.16868576407432556
TEST_1282,0.42178285121917725
TEST_1283,0.919348955154419
TEST_1284,0.7515097856521606
TEST_1285,0.7684690952301025
TEST_1286,0.06625711917877197
TEST_1287,0.3651074171066284
TEST_1288,0.3862685561180115
TEST_1289,0.5119470357894897
TEST_1290,0.5755603909492493
TEST_1291,0.2695077955722809
TEST_1292,0.7558457851409912
TEST_1293,0.07325281947851181
TEST_1294,0.10146341472864151
TEST_1295,0.3027716875076294
TEST_1296,0.2356959730386734
TEST_1297,0.2928647994995117
TEST_1298,0.2027359902858734
TEST_1299,0.2529396116733551
TEST_1300,0.4544616639614105
TEST_1301,0.977212131023407
TEST_1302,0.7704858183860779
TEST_1303,0.8436603546142578
TEST_1304,0.9370529651641846
TEST_1305,0.844672679901123
TEST_1306,0.5173064470291138
TEST_1307,0.8819616436958313
TEST_1308,0.7558658719062805
TEST_1309,0.3983607292175293
TEST_1310,0.1326405555009842
TEST_1311,0.9526991844177246
TEST_1312,0.6795575022697449
TEST_1313,0.8910555243492126
TEST_1314,0.39215824007987976
TEST_1315,0.9649530649185181
TEST_1316,0.3118087649345398
TEST_1317,0.7137479186058044
TEST_1318,0.8265359997749329
TEST_1319,0.9575557708740234
TEST_1320,0.25540247559547424
TEST_1321,0.9765604138374329
TEST_1322,0.312147855758667
TEST_1323,0.8286681771278381
TEST_1324,0.5009745359420776
TEST_1325,0.9369342923164368
TEST_1326,0.8730607032775879
TEST_1327,0.5075241923332214
TEST_1328,0.2933902442455292
TEST_1329,0.33353960514068604
TEST_1330,0.1697530597448349
TEST_1331,0.9748228788375854
TEST_1332,0.9690788388252258
TEST_1333,0.2087188959121704
TEST_1334,0.5183209180831909
TEST_1335,0.42589980363845825
TEST_1336,0.7140955924987793
TEST_1337,0.9499531388282776
TEST_1338,0.045884110033512115
TEST_1339,0.578571617603302
TEST_1340,0.4564923346042633
TEST_1341,0.7704646587371826
TEST_1342,0.8695189952850342
TEST_1343,0.13432751595973969
TEST_1344,0.27398598194122314
TEST_1345,0.9219644665718079
TEST_1346,0.26005399227142334
TEST_1347,0.8640936017036438
TEST_1348,0.8795062899589539
TEST_1349,0.3125613033771515
TEST_1350,0.10530132800340652
TEST_1351,0.3178805410861969
TEST_1352,0.9211879372596741
TEST_1353,0.43423449993133545
TEST_1354,0.5354766249656677
TEST_1355,0.8896403312683105
TEST_1356,0.776216983795166
TEST_1357,0.5789955258369446
TEST_1358,0.9803351163864136
TEST_1359,0.4338039755821228
TEST_1360,0.5816584825515747
TEST_1361,0.9763742089271545
TEST_1362,0.9581676125526428
TEST_1363,0.6111872792243958
TEST_1364,0.8633993864059448
TEST_1365,0.791291356086731
TEST_1366,0.5083221793174744
TEST_1367,0.5418895483016968
TEST_1368,0.3473294973373413
TEST_1369,0.12453524023294449
TEST_1370,0.9625484943389893
TEST_1371,0.6445415616035461
TEST_1372,0.9260814785957336
TEST_1373,0.9245427250862122
TEST_1374,0.7324498891830444
TEST_1375,0.9342471361160278
TEST_1376,0.6967524290084839
TEST_1377,0.8412452340126038
TEST_1378,0.3512745499610901
TEST_1379,0.9405696988105774
TEST_1380,0.9495360851287842
TEST_1381,0.919573187828064
TEST_1382,0.9510712027549744
TEST_1383,0.43866288661956787
TEST_1384,0.29119476675987244
TEST_1385,0.4185943305492401
TEST_1386,0.6525337100028992
TEST_1387,0.9377084970474243
TEST_1388,0.8765385746955872
TEST_1389,0.9746440052986145
TEST_1390,0.4681140184402466
TEST_1391,0.6150014996528625
TEST_1392,0.5149124264717102
TEST_1393,0.6443847417831421
TEST_1394,0.9529055953025818
TEST_1395,0.625386655330658
TEST_1396,0.2002898007631302
TEST_1397,0.6463048458099365
TEST_1398,0.8243176937103271
TEST_1399,0.1883825659751892
TEST_1400,0.6040455102920532
TEST_1401,0.33689847588539124
TEST_1402,0.6863012313842773
TEST_1403,0.7802921533584595
TEST_1404,0.21700525283813477
TEST_1405,0.7669967412948608
TEST_1406,0.692986786365509
TEST_1407,0.9470828175544739
TEST_1408,0.702704131603241
TEST_1409,0.9654810428619385
TEST_1410,0.298246294260025
TEST_1411,0.9150645136833191
TEST_1412,0.9546264410018921
TEST_1413,0.24621187150478363
TEST_1414,0.9477570652961731
TEST_1415,0.6517606377601624
TEST_1416,0.2330966591835022
TEST_1417,0.10500387102365494
TEST_1418,0.029639260843396187
TEST_1419,0.6884081959724426
TEST_1420,0.09746013581752777
TEST_1421,0.21966224908828735
TEST_1422,0.48602670431137085
TEST_1423,0.09955228120088577
TEST_1424,0.5577239990234375
TEST_1425,0.8687226176261902
TEST_1426,0.05328240618109703
TEST_1427,0.7352221608161926
TEST_1428,0.48615092039108276
TEST_1429,0.5892163515090942
TEST_1430,0.5051133632659912
TEST_1431,0.16365207731723785
TEST_1432,0.20024122297763824
TEST_1433,0.5254826545715332
TEST_1434,0.2084871232509613
TEST_1435,0.5135152339935303
TEST_1436,0.9512530565261841
TEST_1437,0.5438709855079651
TEST_1438,0.886985182762146
TEST_1439,0.33756449818611145
TEST_1440,0.8335123062133789
TEST_1441,0.9652080535888672
TEST_1442,0.7642030119895935
TEST_1443,0.8681280612945557
TEST_1444,0.4569012224674225
TEST_1445,0.2558411955833435
TEST_1446,0.9210528135299683
TEST_1447,0.9576833248138428
TEST_1448,0.9029810428619385
TEST_1449,0.2800561785697937
TEST_1450,0.65948086977005
TEST_1451,0.4956496059894562
TEST_1452,0.2888822853565216
TEST_1453,0.23397968709468842
TEST_1454,0.9273262619972229
TEST_1455,0.10682723671197891
TEST_1456,0.316739022731781
TEST_1457,0.08403509110212326
TEST_1458,0.12118610739707947
TEST_1459,0.9363791942596436
TEST_1460,0.8721374869346619
TEST_1461,0.9583601951599121
TEST_1462,0.31613999605178833
TEST_1463,0.9467896223068237
TEST_1464,0.7528280019760132
TEST_1465,0.972558319568634
TEST_1466,0.9645397663116455
TEST_1467,0.4036485552787781
TEST_1468,0.20483016967773438
TEST_1469,0.1519264280796051
TEST_1470,0.5091732144355774
TEST_1471,0.9688461422920227
TEST_1472,0.2515941858291626
TEST_1473,0.5760005116462708
TEST_1474,0.7987227439880371
TEST_1475,0.4777686297893524
TEST_1476,0.8089708089828491
TEST_1477,0.47485533356666565
TEST_1478,0.5273104906082153
TEST_1479,0.5795493125915527
TEST_1480,0.60845547914505
TEST_1481,0.388733446598053
TEST_1482,0.6854891180992126
TEST_1483,0.8629589080810547
TEST_1484,0.9206907749176025
TEST_1485,0.28248724341392517
TEST_1486,0.20572084188461304
TEST_1487,0.19361157715320587
TEST_1488,0.40670156478881836
TEST_1489,0.5994623899459839
TEST_1490,0.7905853390693665
TEST_1491,0.9401183128356934
TEST_1492,0.7287461757659912
TEST_1493,0.9608490467071533
TEST_1494,0.5462209582328796
TEST_1495,0.5681961178779602
TEST_1496,0.9614784121513367
TEST_1497,0.475299596786499
TEST_1498,0.24203762412071228
TEST_1499,0.6131047010421753
TEST_1500,0.0874347910284996
TEST_1501,0.8980277180671692
TEST_1502,0.21803978085517883
TEST_1503,0.33747777342796326
TEST_1504,0.7376795411109924
TEST_1505,0.7615793943405151
TEST_1506,0.5804774165153503
TEST_1507,0.7251866459846497
TEST_1508,0.9660905599594116
TEST_1509,0.7695607542991638
TEST_1510,0.4953741133213043
TEST_1511,0.16625015437602997
TEST_1512,0.42914336919784546
TEST_1513,0.7025092244148254
TEST_1514,0.5353543162345886
TEST_1515,0.7166200876235962
TEST_1516,0.5541213154792786
TEST_1517,0.10918597131967545
TEST_1518,0.08736268430948257
TEST_1519,0.9143572449684143
TEST_1520,0.7907903790473938
TEST_1521,0.39248332381248474
TEST_1522,0.1475180983543396
TEST_1523,0.8027744293212891
TEST_1524,0.184865340590477
TEST_1525,0.2732652723789215
TEST_1526,0.20135073363780975
TEST_1527,0.67464679479599
TEST_1528,0.16869111359119415
TEST_1529,0.2197323590517044
TEST_1530,0.8941873908042908
TEST_1531,0.18915998935699463
TEST_1532,0.8841951489448547
TEST_1533,0.2150023728609085
TEST_1534,0.1927448958158493
TEST_1535,0.2130885124206543
TEST_1536,0.8993085622787476
TEST_1537,0.8505380153656006
TEST_1538,0.12261981517076492
TEST_1539,0.16749307513237
TEST_1540,0.776279628276825
TEST_1541,0.23388317227363586
TEST_1542,0.6379040479660034
TEST_1543,0.3010774850845337
TEST_1544,0.25593301653862
TEST_1545,0.2270534336566925
TEST_1546,0.09569383412599564
TEST_1547,0.7163159251213074
TEST_1548,0.23170195519924164
TEST_1549,0.9500788450241089
TEST_1550,0.8117504715919495
TEST_1551,0.5119448900222778
TEST_1552,0.08426197618246078
TEST_1553,0.6502550840377808
TEST_1554,0.42071831226348877
TEST_1555,0.27614089846611023
TEST_1556,0.18906237185001373
TEST_1557,0.8244907259941101
TEST_1558,0.5652306079864502
TEST_1559,0.29495182633399963
TEST_1560,0.7258006930351257
TEST_1561,0.9116592407226562
TEST_1562,0.7168408632278442
TEST_1563,0.32352226972579956
TEST_1564,0.5292029976844788
TEST_1565,0.6223891377449036
TEST_1566,0.3021915853023529
TEST_1567,0.9376198053359985
TEST_1568,0.9729598760604858
TEST_1569,0.9479120969772339
TEST_1570,0.7501074075698853
TEST_1571,0.9033313989639282
TEST_1572,0.9196975231170654
TEST_1573,0.8481082916259766
TEST_1574,0.1734386533498764
TEST_1575,0.19820080697536469
TEST_1576,0.24090389907360077
TEST_1577,0.8404800891876221
TEST_1578,0.6599936485290527
TEST_1579,0.2598647177219391
TEST_1580,0.9584482312202454
TEST_1581,0.31238409876823425
TEST_1582,0.5493854284286499
TEST_1583,0.9170262813568115
TEST_1584,0.11272966116666794
TEST_1585,0.07506559044122696
TEST_1586,0.9584866166114807
TEST_1587,0.9241739511489868
TEST_1588,0.8880484700202942
TEST_1589,0.8980429768562317
TEST_1590,0.14496168494224548
TEST_1591,0.13925065100193024
TEST_1592,0.9173786640167236
TEST_1593,0.06635536253452301
TEST_1594,0.4892454743385315
TEST_1595,0.906510591506958
TEST_1596,0.6068565845489502
TEST_1597,0.9518563151359558
TEST_1598,0.21473273634910583
TEST_1599,0.3914446234703064
TEST_1600,0.9646887183189392
TEST_1601,0.9590702056884766
TEST_1602,0.8976670503616333
TEST_1603,0.9416769742965698
TEST_1604,0.8369621634483337
TEST_1605,0.13421745598316193
TEST_1606,0.9049882888793945
TEST_1607,0.9154379963874817
TEST_1608,0.1145770326256752
TEST_1609,0.9107834696769714
TEST_1610,0.1810130923986435
TEST_1611,0.9143216609954834
TEST_1612,0.12057605385780334
TEST_1613,0.6190642714500427
TEST_1614,0.2695380449295044
TEST_1615,0.7289872169494629
TEST_1616,0.9692812561988831
TEST_1617,0.814494252204895
TEST_1618,0.922576904296875
TEST_1619,0.913313090801239
TEST_1620,0.9820519089698792
TEST_1621,0.9004427790641785
TEST_1622,0.9770255088806152
TEST_1623,0.5757439732551575
TEST_1624,0.4859149754047394
TEST_1625,0.03124018758535385
TEST_1626,0.10893245786428452
TEST_1627,0.057315532118082047
TEST_1628,0.8229769468307495
TEST_1629,0.35633695125579834
TEST_1630,0.7843509912490845
TEST_1631,0.7980970144271851
TEST_1632,0.28359588980674744
TEST_1633,0.5585559010505676
TEST_1634,0.1341875046491623
TEST_1635,0.7149587273597717
TEST_1636,0.10118617117404938
TEST_1637,0.8883755803108215
TEST_1638,0.9631679058074951
TEST_1639,0.06715672463178635
TEST_1640,0.5932769179344177
TEST_1641,0.911633312702179
TEST_1642,0.3210631012916565
TEST_1643,0.5302295088768005
TEST_1644,0.8300188779830933
TEST_1645,0.5273956060409546
TEST_1646,0.25315389037132263
TEST_1647,0.8893290758132935
TEST_1648,0.846632719039917
TEST_1649,0.6637158989906311
TEST_1650,0.7335576415061951
TEST_1651,0.6690633296966553
TEST_1652,0.4991857707500458
TEST_1653,0.7600938081741333
TEST_1654,0.2038751095533371
TEST_1655,0.12510880827903748
TEST_1656,0.8732452988624573
TEST_1657,0.8537337779998779
TEST_1658,0.5412861704826355
TEST_1659,0.09056521207094193
TEST_1660,0.8252097964286804
TEST_1661,0.8555149435997009
TEST_1662,0.3943377733230591
TEST_1663,0.862148642539978
TEST_1664,0.14538979530334473
TEST_1665,0.8979863524436951
TEST_1666,0.10385286808013916
TEST_1667,0.8204329013824463
TEST_1668,0.21102942526340485
TEST_1669,0.8460677862167358
TEST_1670,0.38695642352104187
TEST_1671,0.8917590379714966
TEST_1672,0.5654128193855286
TEST_1673,0.45975297689437866
TEST_1674,0.9203400611877441
TEST_1675,0.8989087343215942
TEST_1676,0.8075452446937561
TEST_1677,0.5353385210037231
TEST_1678,0.7364869117736816
TEST_1679,0.6227720975875854
TEST_1680,0.16390261054039001
TEST_1681,0.9277269244194031
TEST_1682,0.5467010140419006
TEST_1683,0.20301119983196259
TEST_1684,0.8059571385383606
TEST_1685,0.8199707865715027
TEST_1686,0.7350743412971497
TEST_1687,0.08072579652070999
TEST_1688,0.7629160284996033
TEST_1689,0.9509350657463074
TEST_1690,0.8734583258628845
TEST_1691,0.3301681578159332
TEST_1692,0.5552359223365784
TEST_1693,0.23900257050991058
TEST_1694,0.38474321365356445
TEST_1695,0.6993695497512817
TEST_1696,0.6393804550170898
TEST_1697,0.705344557762146
TEST_1698,0.9441977739334106
TEST_1699,0.6219251155853271
TEST_1700,0.11026236414909363
TEST_1701,0.45793795585632324
TEST_1702,0.09308301657438278
TEST_1703,0.832797110080719
TEST_1704,0.2021542340517044
TEST_1705,0.07340998947620392
TEST_1706,0.34758707880973816
TEST_1707,0.18105711042881012
TEST_1708,0.11197253316640854
TEST_1709,0.24833619594573975
TEST_1710,0.9738141894340515
TEST_1711,0.26182952523231506
TEST_1712,0.9774511456489563
TEST_1713,0.48063504695892334
TEST_1714,0.9838179349899292
TEST_1715,0.10304137319326401
TEST_1716,0.46083617210388184
TEST_1717,0.4230744242668152
TEST_1718,0.30528873205184937
TEST_1719,0.2492302656173706
TEST_1720,0.10917427390813828
TEST_1721,0.14301851391792297
TEST_1722,0.15956632792949677
TEST_1723,0.5550953149795532
TEST_1724,0.14268819987773895
TEST_1725,0.3163614869117737
TEST_1726,0.25087299942970276
TEST_1727,0.633589506149292
TEST_1728,0.05987516790628433
TEST_1729,0.9235182404518127
TEST_1730,0.9685459136962891
TEST_1731,0.21594691276550293
TEST_1732,0.48112860321998596
TEST_1733,0.9273027777671814
TEST_1734,0.4013054370880127
TEST_1735,0.27428317070007324
TEST_1736,0.9077098965644836
TEST_1737,0.9833908081054688
TEST_1738,0.7872099876403809
TEST_1739,0.9126529693603516
TEST_1740,0.9097325205802917
TEST_1741,0.9755675792694092
TEST_1742,0.9485384821891785
TEST_1743,0.21351948380470276
TEST_1744,0.8853522539138794
TEST_1745,0.9094264507293701
TEST_1746,0.522366464138031
TEST_1747,0.24311231076717377
TEST_1748,0.911389172077179
TEST_1749,0.29195237159729004
TEST_1750,0.4141077995300293
TEST_1751,0.07392667979001999
TEST_1752,0.818234920501709
TEST_1753,0.8656687140464783
TEST_1754,0.9606204032897949
TEST_1755,0.1271985024213791
TEST_1756,0.6782143115997314
TEST_1757,0.9660511016845703
TEST_1758,0.9662413597106934
TEST_1759,0.06975896656513214
TEST_1760,0.9672260880470276
TEST_1761,0.4449405372142792
TEST_1762,0.4809025228023529
TEST_1763,0.29919835925102234
TEST_1764,0.9187592267990112
TEST_1765,0.3346928358078003
TEST_1766,0.8853346705436707
TEST_1767,0.306192010641098
TEST_1768,0.9405576586723328
TEST_1769,0.17630934715270996
TEST_1770,0.9221099019050598
TEST_1771,0.7393260598182678
TEST_1772,0.7367829084396362
TEST_1773,0.5059239864349365
TEST_1774,0.10478249192237854
TEST_1775,0.9036064743995667
TEST_1776,0.4862397313117981
TEST_1777,0.8226915597915649
TEST_1778,0.5883113741874695
TEST_1779,0.28633588552474976
TEST_1780,0.8504540324211121
TEST_1781,0.9528611302375793
TEST_1782,0.8889142274856567
TEST_1783,0.2390550822019577
TEST_1784,0.1236056312918663
TEST_1785,0.9676626920700073
TEST_1786,0.7427406311035156
TEST_1787,0.5917156934738159
TEST_1788,0.9132996797561646
TEST_1789,0.9436697363853455
TEST_1790,0.8166006803512573
TEST_1791,0.9442277550697327
TEST_1792,0.9748559594154358
TEST_1793,0.8472627401351929
TEST_1794,0.9647486209869385
TEST_1795,0.05134213715791702
TEST_1796,0.8703635931015015
TEST_1797,0.41411229968070984
TEST_1798,0.1851886808872223
TEST_1799,0.13031330704689026
TEST_1800,0.7354995012283325
TEST_1801,0.5520983934402466
TEST_1802,0.22576764225959778
TEST_1803,0.9773892164230347
TEST_1804,0.35605835914611816
TEST_1805,0.9109570384025574
TEST_1806,0.6550366878509521
TEST_1807,0.9785583019256592
TEST_1808,0.040332894772291183
TEST_1809,0.6917869448661804
TEST_1810,0.8330221772193909
TEST_1811,0.85960453748703
TEST_1812,0.7623533010482788
TEST_1813,0.8836706876754761
TEST_1814,0.5261869430541992
TEST_1815,0.9303752779960632
TEST_1816,0.10978322476148605
TEST_1817,0.8863125443458557
TEST_1818,0.9501121640205383
TEST_1819,0.48331648111343384
TEST_1820,0.9297845363616943
TEST_1821,0.18490399420261383
TEST_1822,0.20122599601745605
TEST_1823,0.7510241270065308
TEST_1824,0.32107123732566833
TEST_1825,0.9568608999252319
TEST_1826,0.26526185870170593
TEST_1827,0.17775560915470123
TEST_1828,0.9053962230682373
TEST_1829,0.9411488175392151
TEST_1830,0.7467641234397888
TEST_1831,0.8767106533050537
TEST_1832,0.9570658802986145
TEST_1833,0.21031801402568817
TEST_1834,0.1139686182141304
TEST_1835,0.6724750399589539
TEST_1836,0.8126776218414307
TEST_1837,0.7157735228538513
TEST_1838,0.20953015983104706
TEST_1839,0.16259224712848663
TEST_1840,0.8529205322265625
TEST_1841,0.7973570823669434
TEST_1842,0.9505123496055603
TEST_1843,0.8240163326263428
TEST_1844,0.607412576675415
TEST_1845,0.7797725796699524
TEST_1846,0.6850271821022034
TEST_1847,0.16095896065235138
TEST_1848,0.9626360535621643
TEST_1849,0.6030148267745972
TEST_1850,0.9152507185935974
TEST_1851,0.979742705821991
TEST_1852,0.28685101866722107
TEST_1853,0.08800298720598221
TEST_1854,0.1697755604982376
TEST_1855,0.3636680841445923
TEST_1856,0.6181017160415649
TEST_1857,0.6707813143730164
TEST_1858,0.6756917834281921
TEST_1859,0.40961503982543945
TEST_1860,0.6026832461357117
TEST_1861,0.9147142171859741
TEST_1862,0.8980979919433594
TEST_1863,0.2623004913330078
TEST_1864,0.15718765556812286
TEST_1865,0.2838262617588043
TEST_1866,0.9593967199325562
TEST_1867,0.8801324367523193
TEST_1868,0.025799954310059547
TEST_1869,0.9080237150192261
TEST_1870,0.5929991006851196
TEST_1871,0.7785066962242126
TEST_1872,0.3511979281902313
TEST_1873,0.652704119682312
TEST_1874,0.9328464865684509
TEST_1875,0.9740586876869202
TEST_1876,0.8281146287918091
TEST_1877,0.6961989402770996
TEST_1878,0.6386532187461853
TEST_1879,0.6912943720817566
TEST_1880,0.44646450877189636
TEST_1881,0.810265064239502
TEST_1882,0.7113770246505737
TEST_1883,0.2416968196630478
TEST_1884,0.9317593574523926
TEST_1885,0.34791645407676697
TEST_1886,0.634645402431488
TEST_1887,0.9790372848510742
TEST_1888,0.8996977210044861
TEST_1889,0.7588441967964172
TEST_1890,0.7746607661247253
TEST_1891,0.5254923701286316
TEST_1892,0.2006734162569046
TEST_1893,0.61240553855896
TEST_1894,0.9784464836120605
TEST_1895,0.3473430275917053
TEST_1896,0.9090462327003479
TEST_1897,0.9766668081283569
TEST_1898,0.9797077775001526
TEST_1899,0.4931867718696594
TEST_1900,0.9625575542449951
TEST_1901,0.7712458372116089
TEST_1902,0.43045008182525635
TEST_1903,0.9278827905654907
TEST_1904,0.974380373954773
TEST_1905,0.5424210429191589
TEST_1906,0.9803182482719421
TEST_1907,0.9722951650619507
TEST_1908,0.7804995775222778
TEST_1909,0.8832225799560547
TEST_1910,0.6334860920906067
TEST_1911,0.9494804739952087
TEST_1912,0.6488293409347534
TEST_1913,0.8986857533454895
TEST_1914,0.5680291056632996
TEST_1915,0.8274722099304199
TEST_1916,0.9615294337272644
TEST_1917,0.9800007939338684
TEST_1918,0.9813845157623291
TEST_1919,0.9596440196037292
TEST_1920,0.9185178875923157
TEST_1921,0.9786730408668518
TEST_1922,0.8660978674888611
TEST_1923,0.9008893966674805
TEST_1924,0.8722159266471863
TEST_1925,0.682778537273407
TEST_1926,0.8416996598243713
TEST_1927,0.9645525217056274
TEST_1928,0.9611228108406067
TEST_1929,0.9666904211044312
TEST_1930,0.6131768226623535
TEST_1931,0.8368070125579834
TEST_1932,0.389102578163147
TEST_1933,0.193569615483284
TEST_1934,0.07764376699924469
TEST_1935,0.6307772994041443
TEST_1936,0.16083279252052307
TEST_1937,0.1002371609210968
TEST_1938,0.9144150614738464
TEST_1939,0.5072978734970093
TEST_1940,0.983052134513855
TEST_1941,0.9566519260406494
TEST_1942,0.9275588989257812
TEST_1943,0.9425257444381714
TEST_1944,0.9554144740104675
TEST_1945,0.9423768520355225
TEST_1946,0.23904670774936676
TEST_1947,0.30493223667144775
TEST_1948,0.22129860520362854
TEST_1949,0.23946061730384827
TEST_1950,0.8182480931282043
TEST_1951,0.6260775923728943
TEST_1952,0.5246915817260742
TEST_1953,0.9123700857162476
TEST_1954,0.17398613691329956
TEST_1955,0.9657881855964661
TEST_1956,0.3524939715862274
TEST_1957,0.8503748178482056
TEST_1958,0.8856462836265564
TEST_1959,0.6365769505500793
TEST_1960,0.33878907561302185
TEST_1961,0.3848591148853302
